learner_id,name,email,registration_date
1,Norma Fisher,tammy76@example.com,2025-05-23
2,Steven Robinson,juancampos@example.net,2025-01-20
3,Ms. Michele Guzman,kyleblair@example.net,2024-02-12
4,Heather Stewart,tammywoods@example.net,2023-12-23
5,Kimberly Smith,ypage@example.net,2024-09-15
6,Samantha Cook,jane13@example.net,2023-11-25
7,Brenda Daniels,millerluke@example.net,2025-06-14
8,Eric Carter Jr.,lisa83@example.net,2024-07-20
9,Brandon Yates,barbara42@example.org,2025-02-05
10,William Green,daviskatherine@example.org,2025-04-20
11,Stephanie Leblanc,hmassey@example.com,2024-07-01
12,Daniel Shelton,criley@example.com,2024-10-10
13,Sydney Leon MD,tuckercrystal@example.org,2023-12-10
14,Autumn Robinson,marvincabrera@example.org,2025-01-08
15,Colleen Montoya,johnsoncynthia@example.net,2025-02-11
16,Brandon Bass,johnsonandrew@example.org,2024-11-21
17,Nicholas Brown,stephenschristine@example.com,2023-08-06
18,Eric Graham,gordonbenjamin@example.org,2024-11-08
19,David Strong,kmassey@example.org,2024-11-07
20,Randall Kramer,meganpeterson@example.com,2023-09-09
21,Mary Smith,gmccullough@example.com,2024-10-02
22,Matthew Hernandez,ellischristian@example.net,2023-07-19
23,David Benton,chelsea59@example.net,2025-03-01
24,Eric Goodman,smithjames@example.com,2023-10-11
25,Jerome Page,sjohnson@example.net,2024-04-16
26,Amber Griffin,jacqueline78@example.com,2025-04-09
27,April Williams,larry70@example.com,2023-10-31
28,Miss Angela Swanson DVM,aherring@example.com,2023-06-18
29,Paul Baird,leecharlene@example.org,2025-03-15
30,William Garcia,bburton@example.com,2025-04-14
31,Ashley Scott,darin24@example.org,2023-07-16
32,David Edwards,sheena09@example.net,2024-06-11
33,Judy Graham,jaredmatthews@example.org,2023-09-25
34,George Richardson,morganchristine@example.org,2023-12-30
35,Kevin Ward,kellywoods@example.org,2025-04-28
36,Scott Chandler,richard54@example.com,2023-09-03
37,Karen Rogers,david17@example.com,2023-07-13
38,Michael Moore,courtneybennett@example.net,2023-08-18
39,Christina Walker,zsmith@example.net,2024-06-29
40,John Richards,rodneyrichardson@example.com,2024-08-16
41,Corey Wilson,leachshannon@example.net,2023-11-10
42,David Davidson DVM,cindygarcia@example.com,2024-03-18
43,Brittany Hinton,zhernandez@example.net,2024-10-25
44,Kathleen Stark,martha73@example.net,2024-09-03
45,Gerald Estes,lisa08@example.org,2025-03-16
46,Brittney Gray,jennifer71@example.org,2024-06-27
47,Andrea Anderson,alexis75@example.org,2025-01-21
48,Julia Watson,gsantana@example.org,2024-08-08
49,Renee Chang,burgessrebecca@example.org,2024-01-13
50,Jennifer Kaufman,olawson@example.org,2024-10-08
51,Christopher Hunter,marvin74@example.com,2024-12-31
52,James Martin,johnblair@example.com,2023-07-26
53,Jason Vasquez,nunezedward@example.com,2024-04-11
54,Jasmine Williams,bosborne@example.org,2024-08-26
55,Fred Graves,james71@example.org,2024-09-03
56,Mark Morgan,montesjennifer@example.com,2025-01-12
57,Thomas Lloyd,stonekristen@example.org,2023-07-13
58,Jacob Lee,kristine10@example.org,2024-06-05
59,Theresa Estrada,jerryfrank@example.net,2025-01-05
60,Jennifer Torres,thomaspatricia@example.com,2025-04-20
61,Jennifer Garcia,jessicajohnson@example.com,2024-04-26
62,Jonathan Shields,jennifer15@example.org,2023-09-12
63,Haley Thompson,lorijones@example.org,2023-11-15
64,Michael Mays,adkinskelly@example.net,2023-07-04
65,Shannon Lopez,woodsjasmine@example.com,2023-09-19
66,Heidi Kennedy,kenneth85@example.org,2024-08-22
67,Joseph Parker,ihurst@example.org,2024-02-01
68,Paul Carter,ialvarado@example.net,2023-07-01
69,Benjamin Fisher,jyang@example.net,2024-04-19
70,Angela Wallace,dana80@example.com,2024-04-09
71,Nicholas Flores,nathanfarley@example.org,2025-05-10
72,Destiny Grant,lauragriffin@example.com,2023-10-29
73,Christopher Chung,sharon25@example.com,2024-09-19
74,Paul Phillips,amontgomery@example.org,2024-01-20
75,Lori Gardner,rogerpotter@example.org,2024-10-23
76,Crystal Gill,crystal01@example.com,2025-03-22
77,David Fox,vwallace@example.com,2024-02-29
78,Megan Gonzalez,johnsonlaura@example.com,2024-07-10
79,Scott Macdonald,carloscallahan@example.com,2024-06-29
80,Lori Schmidt,isosa@example.com,2024-12-08
81,Diana Ramos,ericterry@example.com,2024-04-04
82,Justin Evans,nnewton@example.com,2024-06-07
83,Katherine Mullen,vevans@example.com,2023-07-24
84,Allison Ruiz,mathistiffany@example.net,2025-03-10
85,Natalie Caldwell,warddarren@example.org,2025-06-15
86,Melissa Acosta,donaldberry@example.org,2023-09-01
87,Gary Jackson,rwong@example.com,2023-10-02
88,Brittany Stewart,reneewallace@example.com,2024-04-23
89,Nicholas Pope MD,brendawilliams@example.com,2023-07-10
90,Shelby Cox,jesseevans@example.org,2024-11-12
91,Diane Rich,robert08@example.net,2025-05-15
92,Tara Villa,thenry@example.com,2023-11-20
93,Andrew Martin,robertsadrian@example.org,2025-01-11
94,Tracy Sanders,shawnmorgan@example.org,2024-09-01
95,Francis Herrera,jonathan80@example.org,2024-03-11
96,Joseph Lopez,johndaniel@example.com,2024-01-30
97,Dawn Cooper,bradleyvilla@example.org,2023-06-22
98,Jeffrey Stark MD,hstevens@example.org,2023-08-14
99,Preston Gutierrez,scottjones@example.com,2024-07-28
100,Jennifer Haley,tracyanderson@example.com,2025-04-29
101,Jeffrey Hawkins,chelsea34@example.com,2024-06-25
102,Mark Nelson,wilsonkristen@example.org,2023-10-20
103,Daniel Hobbs,harmonzachary@example.org,2023-09-13
104,Bailey Mclaughlin,jerome84@example.org,2024-12-07
105,Amy Parker,jesus74@example.net,2023-10-19
106,Kristen Murphy,burnettnatalie@example.org,2025-05-29
107,Angela Hubbard,shudson@example.org,2023-12-05
108,David Cruz,cristinalester@example.org,2024-09-08
109,Kyle Burns,alexander38@example.net,2023-10-13
110,Rhonda Mclaughlin,janet14@example.org,2024-08-30
111,Samantha Floyd,nacevedo@example.org,2024-02-01
112,Danielle Roy,jordanpowers@example.com,2023-06-28
113,Amy Mccoy,andrew00@example.org,2023-07-18
114,Matthew Jones,cooperelizabeth@example.org,2025-03-29
115,Jeffrey Howard,debrachandler@example.net,2024-04-09
116,Steven Ferguson,kmalone@example.org,2024-04-09
117,Aaron Taylor,christopheryoung@example.org,2023-12-13
118,Robert Jackson,jennifersimmons@example.net,2023-08-30
119,Michelle Mendez,kinglinda@example.net,2024-03-17
120,Stacy Crawford,kelly27@example.org,2024-06-20
121,Paul Morgan,ablackburn@example.com,2024-07-07
122,John Johnson,sarah07@example.com,2024-11-24
123,Jon Smith,kingerin@example.net,2025-01-03
124,Michael Clark,paul43@example.org,2024-08-02
125,Warren Middleton,francisco25@example.net,2025-02-04
126,Amber Moore,michael45@example.com,2025-01-08
127,Victoria Smith,ashleyramos@example.com,2025-04-25
128,Karen Arroyo,julie31@example.net,2025-04-30
129,Ronald Moreno,hopkinseric@example.org,2025-05-04
130,Kimberly Cruz,sbaker@example.org,2024-04-24
131,Michelle Shah DDS,veronica36@example.org,2025-02-22
132,Brittney Guerrero,cward@example.net,2025-04-12
133,Rebecca Wolf,coxtina@example.org,2024-10-25
134,Lori Crawford,ashleyallen@example.org,2025-05-06
135,Angela West,zshields@example.net,2023-08-28
136,Jeremiah Brown,rwalters@example.com,2024-04-30
137,Heather Murphy,anthony04@example.org,2024-12-24
138,Reginald Garrett,cterry@example.net,2024-05-21
139,Beth Page,lynn67@example.net,2023-09-22
140,Sean Ward,leedaniel@example.net,2024-05-25
141,Ryan Best,edwardsrebecca@example.net,2024-01-03
142,Linda Powell,william22@example.org,2025-04-11
143,Michelle Cummings,colonhayley@example.net,2024-09-19
144,Haley Willis,millergreg@example.com,2023-11-10
145,Michael King,zachary72@example.com,2024-07-24
146,Kevin May,huangleslie@example.org,2023-11-04
147,Lisa Burnett,jennadurham@example.org,2024-05-29
148,Kimberly Hoover,aaron11@example.com,2024-09-02
149,Gabriella Gray,vanessa12@example.com,2025-04-22
150,Calvin Morgan,bradleybrewer@example.net,2024-01-29
151,Anthony Saunders,michaelconley@example.org,2024-04-09
152,Larry Oliver,emily97@example.com,2023-10-26
153,Dennis Avery,howarddavid@example.com,2023-07-01
154,Michael Prince,stephen87@example.com,2023-08-13
155,Scott Gibbs,anthony81@example.org,2024-02-14
156,Kaitlin Johnson,susan06@example.com,2023-10-08
157,Bridget Thompson,daniellesanchez@example.net,2024-02-10
158,Tyler Garrett,pwilliams@example.net,2024-01-07
159,David Perez,kford@example.org,2024-03-24
160,Carla Silva,lhiggins@example.org,2023-06-30
161,Katrina Johnson,berrydylan@example.org,2024-10-20
162,Alexander Graham,jennifer25@example.net,2023-11-21
163,Carlos Knight,tammy66@example.org,2024-05-25
164,James Brewer,eknapp@example.com,2025-06-14
165,Jacqueline Johnson,rmcdowell@example.org,2024-09-04
166,Jeanette Garrett,thomasphilip@example.com,2024-12-01
167,Jessica Garcia,kmunoz@example.org,2024-02-19
168,Kevin Ferrell,kathleen15@example.com,2023-09-28
169,John Stone,gonzalezsusan@example.org,2024-11-25
170,James Williams,ajohnson@example.com,2024-03-16
171,Chad Rodriguez,gabriel69@example.com,2024-05-19
172,Michelle Miller,jgardner@example.org,2023-10-17
173,Darren Fox,nkelly@example.net,2024-01-12
174,Melinda Lang,qayala@example.org,2024-02-21
175,Evelyn Neal,vrollins@example.net,2024-01-25
176,Wendy Reed,ahunt@example.com,2025-01-30
177,Brittany Smith,terrydeborah@example.org,2024-08-24
178,Kayla Adams,nicholasleon@example.org,2023-09-08
179,Nathan Flores,swood@example.com,2024-10-15
180,Crystal Moore,deleonwilliam@example.org,2023-07-04
181,Carol Chaney,nfranklin@example.com,2024-11-14
182,Alex Taylor,cjackson@example.net,2023-07-25
183,Robert Schneider,gcook@example.com,2023-07-14
184,Debra Romero,lkennedy@example.org,2024-07-15
185,Samuel Decker,stephenrivers@example.com,2024-03-29
186,Kristi Baker,lisaphillips@example.com,2025-01-29
187,Sean Morrow,brendagonzalez@example.org,2025-03-07
188,Nicole Henry,velazquezanita@example.com,2025-03-14
189,Dana Jimenez,joshua07@example.com,2025-05-08
190,Glenda Jones,xperez@example.com,2025-03-06
191,Dwayne Gonzalez,ykeller@example.com,2024-01-08
192,Sandra Wilson,vincent73@example.net,2024-11-15
193,Heather Ramirez,tsaunders@example.com,2025-03-10
194,Eddie Griffin,sarah25@example.com,2023-11-30
195,Vanessa Marshall,kwhitney@example.net,2023-11-24
196,Eric Hall,davislogan@example.org,2025-02-04
197,Anthony Wise,mdavis@example.net,2024-02-09
198,Robert Diaz,stephaniesmith@example.net,2023-06-19
199,Larry Donovan,christopherowens@example.org,2024-06-30
200,Jennifer Herrera,jeremyperry@example.com,2025-01-26
201,James Cannon,anthony55@example.com,2024-10-23
202,Linda Davis,espinozajoshua@example.net,2023-09-27
203,Brandy Clark,james88@example.org,2024-07-29
204,Karen Hicks,dharrison@example.net,2024-02-19
205,James Cunningham,lori37@example.org,2024-02-27
206,Jennifer Griffin,transusan@example.com,2023-11-26
207,John Thomas,pcampbell@example.com,2024-08-27
208,Tracy Boyd,lopezsarah@example.net,2024-10-20
209,Brittney Johnson,katiemcdonald@example.net,2023-10-31
210,Christopher Williams DVM,pam83@example.net,2024-02-10
211,Kimberly York,shernandez@example.net,2024-06-10
212,Tanya George,sanchezrebecca@example.com,2024-07-26
213,Andrew Anderson,nsawyer@example.org,2024-10-11
214,Vincent Black,nicole57@example.net,2023-11-03
215,Ryan Robbins,qgonzales@example.com,2025-02-23
216,Charles Webster,stephanielong@example.com,2024-11-14
217,Jacob Williams,aclark@example.net,2024-08-05
218,Kimberly Schultz,alyssaknox@example.com,2024-03-19
219,Angela Cordova,ngoodwin@example.com,2024-09-09
220,Bradley Johnson,christinaglenn@example.net,2025-03-08
221,Brittany Green,oramirez@example.com,2024-03-22
222,Gina Holloway,selena02@example.com,2024-09-16
223,Amy Kaiser,ygraham@example.net,2025-03-14
224,Lawrence Walls,kathleenmcclure@example.org,2024-11-12
225,Mark Baker,coopernathaniel@example.net,2023-11-01
226,Kimberly Morgan,martintyler@example.org,2024-09-23
227,Chad Forbes,austinrobert@example.org,2023-12-16
228,Benjamin Duarte,toddmeyer@example.org,2024-02-24
229,Michelle Cowan,raymondlynch@example.net,2024-05-01
230,Nathan Kline,jasonclayton@example.org,2024-01-04
231,Patricia Miller,kyle50@example.org,2024-09-05
232,Brian Joseph,williamreed@example.com,2023-08-19
233,Sandra Martinez,lbarajas@example.com,2023-12-09
234,Michael Johnson,littlejoseph@example.net,2024-01-30
235,Martha Mitchell,melissaschwartz@example.org,2023-12-22
236,James Campbell,jonedwards@example.net,2024-06-07
237,Bryce Brooks,halllindsey@example.com,2023-07-08
238,Brett White,susansmith@example.com,2024-07-04
239,David Campbell,sreynolds@example.org,2023-10-14
240,Kelly Harris,jeffreyturner@example.org,2023-10-30
241,Ms. Catherine Lin,tschaefer@example.org,2023-12-10
242,Sierra Perkins,juliewarren@example.com,2025-01-19
243,Michelle Smith,mtyler@example.org,2024-04-12
244,James Cruz,fgarcia@example.net,2023-06-24
245,Angela Nixon,juliecole@example.com,2025-06-04
246,Mary Scott,stafforderic@example.org,2024-12-08
247,Pamela Brown,steelejohn@example.net,2025-01-04
248,Brandy Sims,alexander25@example.net,2024-03-03
249,Elizabeth May,dennis73@example.net,2024-04-01
250,Jeremiah Alvarez,sharon55@example.net,2024-08-29
251,James Woodard,emily93@example.org,2024-04-26
252,Christopher Taylor,qstark@example.com,2024-01-22
253,Kelsey Clarke,tammyellis@example.org,2023-06-29
254,Savannah Werner,petersenjay@example.org,2024-09-09
255,Mary Lynch,albert00@example.net,2025-04-15
256,Seth Rivers,phillipporter@example.com,2025-03-04
257,Jeffrey Wilson,tatealexis@example.net,2024-01-01
258,Sheila Cruz,jack27@example.net,2023-10-04
259,Jennifer Burton,rebeccabrown@example.net,2023-07-08
260,Tara Shaw,ocollins@example.net,2025-04-22
261,Michelle Morgan,lesliewhitney@example.net,2024-01-02
262,Lisa Rivera,elliskaren@example.org,2024-06-24
263,Jennifer West,catherinebarnes@example.org,2024-10-29
264,Patricia Rodriguez,robersonjulie@example.com,2024-01-17
265,Melinda Simmons,kristen58@example.net,2025-01-22
266,Lawrence Beltran,pamelarussell@example.com,2025-03-24
267,Robert Miller,vschneider@example.org,2023-07-21
268,Thomas Johnson,uanderson@example.net,2024-01-19
269,William Whitaker,newtonsean@example.net,2023-09-30
270,Bethany Clark,mariahray@example.com,2023-12-28
271,Michael Hancock,millskimberly@example.org,2024-09-25
272,Charles Gill,shawnawilson@example.com,2023-06-20
273,Sara Rivera,millerjamie@example.com,2024-02-13
274,Mr. Bradley Stewart,ifrank@example.com,2024-07-22
275,Susan Thomas,gpoole@example.com,2023-10-02
276,Christopher Cruz,beckalice@example.net,2024-01-23
277,Sheila Woods,julie97@example.net,2024-02-23
278,Amanda Reyes,matthew80@example.org,2024-08-08
279,Jacob Wang,amystone@example.org,2025-05-28
280,Amanda Diaz,joseph76@example.org,2025-01-28
281,Martha Woods,frances20@example.net,2024-06-01
282,Tanya Whitaker,gail97@example.org,2025-04-13
283,Yvonne Greene,cherylstewart@example.com,2025-05-31
284,Sharon Fuller,xmyers@example.com,2024-01-17
285,Victor Herrera,sheri39@example.com,2024-09-14
286,David Anthony,andrea89@example.org,2025-03-30
287,Daniel White,catherine18@example.com,2025-04-07
288,Donald Harris,bstewart@example.org,2023-11-03
289,Ronald Bradford,gmiller@example.com,2024-10-31
290,Ernest Nunez,hbrown@example.org,2024-02-15
291,Derek Cortez,aparker@example.com,2024-03-16
292,Ann Miller,hunterandres@example.net,2024-08-14
293,Nicholas Carlson,santanajimmy@example.org,2025-01-12
294,Monica Davis,xmckinney@example.net,2025-05-04
295,Kim Lin,joshuamoore@example.org,2024-08-20
296,Carlos Perez,jkramer@example.net,2024-09-08
297,Chad Bridges,ldickson@example.org,2025-03-13
298,Joshua Castillo,karinafigueroa@example.org,2025-04-02
299,Sarah Delacruz,adamthomas@example.org,2024-12-08
300,Jennifer Thomas,gordonstefanie@example.net,2023-10-21
301,Stanley Hall,emma31@example.com,2024-06-08
302,Kevin Campbell,andrea12@example.com,2023-09-07
303,Marissa Black,jenniferhardin@example.com,2023-09-29
304,Nicholas Lee,jocelynbaker@example.com,2024-03-16
305,Roy Price,xdunn@example.net,2024-11-17
306,Mary Torres,kblack@example.com,2023-11-16
307,William Davis,rmartinez@example.com,2024-12-14
308,Dakota Allen,jrussell@example.org,2024-07-04
309,Brandon Middleton,palmercassandra@example.net,2024-08-10
310,Jessica Foster,emily79@example.org,2024-02-27
311,Dr. Michaela Johnson,scottholmes@example.org,2025-02-08
312,Jesse Davis,mary46@example.com,2024-12-06
313,Stephanie Evans,mendezmargaret@example.com,2024-09-05
314,Crystal Taylor,melodywashington@example.org,2024-06-28
315,Nancy Thomas,luke15@example.org,2023-11-09
316,Michael Curtis,jfoster@example.com,2023-08-11
317,Brittney Lopez,lbell@example.org,2025-03-17
318,Patrick Wilson,donaldmoon@example.net,2024-04-20
319,Andrew Brady,flemingdeborah@example.org,2023-08-28
320,Andrew Valencia,owensjordan@example.net,2023-12-20
321,Jamie Young,sheltonbianca@example.net,2025-01-05
322,Jonathan Mahoney,alexanderthomas@example.net,2024-10-21
323,Sharon Mata,carlosramirez@example.com,2024-09-13
324,Deanna Barnes,ericksondonald@example.com,2023-07-28
325,Mark Myers,terrelldenise@example.org,2025-01-03
326,Brianna Salas,shawndickson@example.org,2024-12-26
327,Joseph Krause,jennifer86@example.org,2024-01-20
328,Mark Young,rebecca41@example.com,2023-09-29
329,Vincent West,william67@example.net,2025-02-21
330,Chloe Monroe,daniel64@example.org,2024-06-04
331,Jose Anderson,ladams@example.net,2023-06-27
332,Michael Valencia,sandovalryan@example.com,2024-09-12
333,Erin Chan,suzannemartinez@example.com,2024-12-23
334,Jessica Mcdaniel,ronald66@example.com,2024-08-15
335,Ms. Jodi Davis,ppena@example.com,2024-09-23
336,Anthony Randall,kevinrose@example.net,2024-10-16
337,Wayne Smith,karen73@example.org,2024-03-15
338,Julia Gardner,gross@example.org,2023-09-02
339,Emily Wilson,pamela18@example.net,2024-01-13
340,Thomas Rodriguez,seanmartin@example.com,2025-04-06
341,Jessica Decker,castroallen@example.org,2023-08-28
342,Randy Clark,pperez@example.net,2024-06-18
343,Chelsea Bowman,chapmantara@example.net,2023-12-03
344,Erik Fuller,tgilmore@example.com,2024-02-22
345,Charlotte Walker,bmorris@example.com,2024-05-27
346,Michele Lowe,hendrixstephen@example.net,2025-02-03
347,Robert Bean,andrea07@example.com,2025-03-29
348,Sherri Richardson,ashleyjones@example.org,2024-10-10
349,Melissa Everett,naustin@example.org,2024-04-23
350,Michelle Cooper,gonzalezkenneth@example.com,2024-05-09
351,Diane Haas,reeddawn@example.com,2025-01-07
352,Margaret Hall,jbonilla@example.org,2024-09-16
353,Megan Moore,zhardin@example.net,2025-04-18
354,Pamela Booker,terry54@example.com,2025-02-02
355,Patricia Reed,cgonzales@example.com,2023-08-03
356,Gary Bennett,eric71@example.org,2023-10-23
357,Crystal Mayo,penavanessa@example.net,2024-04-30
358,Dylan Alexander,mooreeric@example.org,2024-10-11
359,Nicholas Gross,kevin09@example.com,2024-02-13
360,Anthony Curtis,jeffrey74@example.net,2025-04-23
361,Barry Williams,woodkenneth@example.org,2023-06-16
362,Brittney Wheeler,terrymiller@example.org,2023-06-30
363,Brandy Garcia,lawsondonna@example.org,2025-02-04
364,Jessica Wilson,ubenitez@example.org,2024-07-14
365,Jaime Atkinson,christopherhunter@example.org,2024-11-30
366,Anna Moody,hkemp@example.com,2024-07-30
367,Jenna Parker,hernandezrichard@example.com,2024-12-04
368,Kathy Smith,thomasjoy@example.net,2023-11-16
369,Charlotte Poole,restrada@example.com,2025-02-02
370,Carrie Douglas,james18@example.com,2023-09-29
371,Collin Wilson,michaelross@example.org,2025-05-15
372,Wanda Grant,littlejesse@example.org,2025-05-22
373,Devin Marsh,brandon41@example.com,2024-10-02
374,Michael Perez,jonhouse@example.net,2024-09-21
375,Curtis Bradley,russelllisa@example.net,2023-07-17
376,Robert Moore,pamelayoung@example.net,2025-02-03
377,Amanda Daniels,shawnpayne@example.com,2024-08-22
378,Tracey Reed,wisealvin@example.com,2023-10-29
379,Crystal Becker,aduran@example.net,2025-03-11
380,Paul Gutierrez,rmartin@example.com,2024-03-20
381,Tyler Le,johnnyhaynes@example.org,2025-04-10
382,Thomas Curry,ferrelljohn@example.com,2023-12-20
383,Jennifer Ryan,hhenry@example.com,2024-08-31
384,Nathan Bennett,porterdebbie@example.net,2023-11-11
385,Matthew Russell,sanfordrobert@example.org,2025-05-11
386,Robert Johnson,wvaughan@example.net,2024-05-25
387,Patrick Warner,zlane@example.net,2024-12-18
388,Christine Jordan,connorkramer@example.com,2024-09-17
389,Mrs. Sarah Dalton,tracysosa@example.com,2024-06-09
390,Miranda Braun,wardwilliam@example.com,2025-01-30
391,Linda Parker,williamthomas@example.com,2023-11-05
392,John Berry,taylorsteven@example.org,2024-07-31
393,Howard Anderson,cdurham@example.com,2023-08-30
394,Michael Torres,wendy52@example.org,2024-10-08
395,Jared Lewis,fbond@example.com,2024-10-17
396,Brianna Pacheco,mfuller@example.com,2023-08-07
397,Frank Carter,kcooper@example.com,2025-05-29
398,Regina Crawford,herreracassandra@example.net,2024-02-03
399,Eugene Nelson,elaine11@example.com,2024-02-06
400,Gary Gill,lopezdebra@example.net,2023-10-30
401,Caitlin Benjamin,marquezpaula@example.net,2023-09-01
402,Brandon Marshall,jasminebrown@example.org,2023-10-04
403,Jared Mcclain,christopher91@example.org,2025-02-28
404,Sarah Powell,amandapark@example.com,2024-09-16
405,Jennifer Orozco,sabrinabryan@example.org,2023-11-17
406,Stephanie Howard,qbooth@example.org,2024-02-13
407,Richard Turner,taylorgregory@example.org,2025-04-25
408,Thomas Gonzales,wardjeffrey@example.com,2023-09-21
409,Joshua Keller,brittany78@example.net,2025-03-18
410,Alicia Cohen,josephmason@example.net,2025-02-14
411,Christopher Williams,uberg@example.net,2025-01-17
412,Gary Snyder,hestertimothy@example.org,2023-06-17
413,Alicia Taylor,brownrebecca@example.net,2023-11-04
414,Anthony Hall,patriciaward@example.com,2025-06-06
415,Lisa Rollins,uclark@example.org,2024-08-24
416,Adam Griffin,perrykimberly@example.org,2024-08-12
417,Thomas French,nicole75@example.net,2024-04-13
418,Derek Berg,vmoody@example.com,2024-10-18
419,Wendy Campos,lewisregina@example.com,2024-12-17
420,Patrick Carey,samanthawhite@example.org,2025-05-11
421,Todd Lee,wayne82@example.net,2025-03-01
422,Barbara Giles,hschmitt@example.org,2024-06-27
423,Wendy Clarke,warebrittany@example.org,2024-07-31
424,Holly Davis,kmartinez@example.net,2023-11-11
425,Kyle Wallace,cody61@example.net,2025-04-06
426,Bianca Middleton,joshua52@example.com,2025-06-06
427,Brett Davis,brownmatthew@example.org,2025-01-22
428,Leah Murphy,tfranklin@example.org,2024-03-22
429,Haley Jackson,castrosherry@example.org,2025-01-14
430,Caitlin Thomas,erin71@example.com,2025-02-03
431,Douglas Sullivan,lambstanley@example.org,2023-09-20
432,Erin Lawson,amcbride@example.net,2024-02-08
433,Robert Evans,stephanieaguirre@example.org,2023-08-12
434,Kayla Chavez,rebeccaunderwood@example.com,2023-09-20
435,Heather Garza,davisdaniel@example.com,2025-06-08
436,Sarah Bender,leonnicholas@example.com,2024-03-01
437,Terry Brady,collinssean@example.org,2025-03-17
438,Kara Boyd,zritter@example.com,2023-11-19
439,Hannah Owen,jessicacampbell@example.org,2024-02-28
440,Eric Scott,michellejohnson@example.org,2025-02-06
441,Jennifer Jones,amandarobinson@example.net,2024-05-11
442,Lisa Garcia,lisamoore@example.net,2024-08-19
443,Tyler Parsons,amandasnyder@example.org,2024-10-02
444,Carolyn Fischer,abigailandrews@example.net,2023-08-19
445,Joshua Gibbs,diana83@example.net,2024-01-24
446,Heather Murphy,margaret51@example.com,2024-08-01
447,Nathaniel Hood,osmith@example.com,2024-08-05
448,Aaron Vaughn,pmedina@example.org,2024-10-16
449,Bethany Reyes,jessicacurtis@example.org,2023-07-07
450,Jared Campbell,ujohnson@example.net,2024-04-17
451,Jose Kelly,ericaperry@example.net,2025-05-28
452,Ronald Morgan,ashleylewis@example.org,2023-09-11
453,Erin Torres,henryle@example.com,2023-07-26
454,Robert Sherman,ymartin@example.org,2024-04-10
455,Justin Ramos,samantha98@example.org,2023-11-20
456,Danny Daniel,hernandezfrederick@example.org,2024-02-04
457,Victor Forbes,amyscott@example.com,2023-09-24
458,Michelle Estrada,kimberly03@example.net,2023-12-27
459,Brian Franco,swatson@example.org,2025-06-12
460,Heather Lee,jesse33@example.net,2024-03-18
461,Darlene Jackson,rebecca08@example.net,2023-07-17
462,Brian Ballard,williamdoyle@example.org,2024-06-15
463,Juan White,mitchellmelanie@example.net,2024-12-21
464,Steven Wright,chrisowen@example.com,2024-04-22
465,Tanya Ferrell,stevenburton@example.net,2023-09-18
466,Julia Tate,lorraine47@example.org,2024-01-09
467,Robert Ford,carlosrodriguez@example.com,2023-12-02
468,Jessica Sims,tina09@example.org,2024-04-06
469,Kelly Perez,frankpearson@example.org,2024-07-11
470,Ian Dixon,mwaters@example.net,2025-03-20
471,Catherine Barrett,cookcurtis@example.com,2024-09-01
472,Nicholas Mcclain,fitzgeraldtim@example.net,2024-11-07
473,Donna Keith,clarkcynthia@example.com,2023-12-22
474,Colleen Chapman,jorge17@example.org,2023-07-13
475,Timothy Campbell,jonathan05@example.net,2024-02-05
476,Harry Cox,renee63@example.org,2024-03-29
477,Kimberly Morales,gardnernicole@example.com,2023-07-03
478,Russell Williams,tamara53@example.net,2023-08-15
479,Jeffrey Newman,andrew74@example.net,2025-05-04
480,Nicholas Chavez,michellejackson@example.net,2025-04-11
481,Randall Contreras,tylercollins@example.com,2024-12-05
482,Victoria Hammond,narcher@example.net,2025-02-10
483,Dana Figueroa,coreygarcia@example.net,2024-07-29
484,Molly Mendez,zsantos@example.org,2024-12-05
485,Kelly Macias,jacqueline32@example.net,2024-01-20
486,James Boyd,ellisashley@example.com,2023-12-25
487,Nancy Nicholson,sydney84@example.com,2024-05-07
488,Rose Morris,moranmichelle@example.net,2023-06-20
489,Vincent Espinoza,grantashley@example.net,2023-06-19
490,Alicia Goodman,blackrebecca@example.com,2024-12-08
491,Theodore Turner,james69@example.com,2025-04-09
492,Adrian Trevino,daniel12@example.com,2024-05-14
493,Diana Rangel,jennaarnold@example.com,2024-05-21
494,Bradley Mcdaniel,angelarowe@example.com,2025-05-22
495,Anthony Santiago,teresaware@example.org,2024-07-15
496,Tim Chang,charles50@example.com,2025-02-12
497,Steven Phillips,travis72@example.org,2024-02-25
498,Shane Williams,pconner@example.net,2025-02-15
499,Michael Stevens,jason27@example.org,2024-11-05
500,Kristina Baker,brianscott@example.net,2024-10-10
